{
  "switcher:open": [
    {
      "modifiers": [
        "Mod"
      ],
      "key": "Tab"
    }
  ],
  "insert-template": [
    {
      "modifiers": [
        "Alt"
      ],
      "key": "N"
    }
  ],
  "outline:open-for-current": [
    {
      "modifiers": [
        "Mod"
      ],
      "key": "Q"
    }
  ],
  "recent-files-obsidian:recent-files-open": [
    {
      "modifiers": [
        "Mod",
        "Shift"
      ],
      "key": "Z"
    }
  ],
  "calendar:show-calendar-view": [
    {
      "modifiers": [
        "Mod",
        "Shift"
      ],
      "key": "C"
    }
  ]
}