{
  "main": {
    "id": "30e00b01a484a802",
    "type": "split",
    "children": [
      {
        "id": "be1bf2fa8c402e39",
        "type": "tabs",
        "children": [
          {
            "id": "38e4bda2194c4dd4",
            "type": "leaf",
            "pinned": true,
            "state": {
              "type": "markdown",
              "state": {
                "file": "NLP/RLHF/RLHF.md",
                "mode": "source",
                "source": false,
                "backlinks": false
              },
              "pinned": true,
              "icon": "lucide-file",
              "title": "RLHF"
            }
          }
        ],
        "stacked": true
      }
    ],
    "direction": "vertical"
  },
  "left": {
    "id": "ac529c844b964999",
    "type": "split",
    "children": [
      {
        "id": "bf4e312f1c9404d1",
        "type": "tabs",
        "dimension": 70.37037037037037,
        "children": [
          {
            "id": "dea163fc51a8d48b",
            "type": "leaf",
            "state": {
              "type": "file-explorer",
              "state": {
                "sortOrder": "alphabetical",
                "autoReveal": false
              },
              "icon": "lucide-folder-closed",
              "title": "文件列表"
            }
          },
          {
            "id": "27c1191c29fd3d2d",
            "type": "leaf",
            "state": {
              "type": "search",
              "state": {
                "query": "过拟合",
                "matchingCase": false,
                "explainSearch": false,
                "collapseAll": false,
                "extraContext": false,
                "sortOrder": "alphabetical"
              },
              "icon": "lucide-search",
              "title": "搜索"
            }
          },
          {
            "id": "ba73a946c451cafe",
            "type": "leaf",
            "state": {
              "type": "tag",
              "state": {
                "sortOrder": "frequencyReverse",
                "useHierarchy": false,
                "showSearch": false,
                "searchQuery": ""
              },
              "icon": "lucide-tags",
              "title": "标签"
            }
          },
          {
            "id": "38a4116659b0c281",
            "type": "leaf",
            "state": {
              "type": "bookmarks",
              "state": {},
              "icon": "lucide-bookmark",
              "title": "书签"
            }
          },
          {
            "id": "16370c19f216ce1e",
            "type": "leaf",
            "state": {
              "type": "recent-files",
              "state": {},
              "icon": "clock",
              "title": "Recent Files"
            }
          },
          {
            "id": "f907b2905685e8ac",
            "type": "leaf",
            "state": {
              "type": "recent-files",
              "state": {},
              "icon": "lucide-file",
              "title": "插件不再活动"
            }
          }
        ],
        "currentTab": 4
      },
      {
        "id": "756a097ad41779ba",
        "type": "tabs",
        "dimension": 29.629629629629633,
        "children": [
          {
            "id": "8fbc5570d3932758",
            "type": "leaf",
            "state": {
              "type": "outgoing-link",
              "state": {
                "file": "NLP/RLHF/RLHF.md",
                "linksCollapsed": true,
                "unlinkedCollapsed": true
              },
              "icon": "links-going-out",
              "title": "RLHF 的出链列表"
            }
          }
        ]
      }
    ],
    "direction": "horizontal",
    "width": 208.5
  },
  "right": {
    "id": "7246383cf6b0e807",
    "type": "split",
    "children": [
      {
        "id": "2646398863425175",
        "type": "tabs",
        "children": [
          {
            "id": "1d6eda0c28b8ca4a",
            "type": "leaf",
            "state": {
              "type": "advanced-tables-toolbar",
              "state": {},
              "icon": "lucide-file",
              "title": "插件不再活动"
            }
          },
          {
            "id": "fbec4ef1442ef44b",
            "type": "leaf",
            "state": {
              "type": "outline",
              "state": {
                "file": "NLP/RLHF/RLHF.md",
                "followCursor": false,
                "showSearch": false,
                "searchQuery": ""
              },
              "icon": "lucide-list",
              "title": "RLHF 的大纲"
            }
          },
          {
            "id": "c1c001b7036321af",
            "type": "leaf",
            "state": {
              "type": "calendar",
              "state": {},
              "icon": "lucide-file",
              "title": "插件不再活动"
            }
          },
          {
            "id": "230ffed252c2acd3",
            "type": "leaf",
            "state": {
              "type": "backlink",
              "state": {
                "file": "NLP/LLM/ICL.md",
                "collapseAll": false,
                "extraContext": false,
                "sortOrder": "alphabetical",
                "showSearch": false,
                "searchQuery": "",
                "backlinkCollapsed": false,
                "unlinkedCollapsed": true
              },
              "icon": "links-coming-in",
              "title": "ICL 的反向链接列表"
            }
          }
        ],
        "currentTab": 1
      }
    ],
    "direction": "horizontal",
    "width": 200
  },
  "left-ribbon": {
    "hiddenItems": {
      "switcher:打开快速切换": false,
      "graph:查看关系图谱": false,
      "canvas:新建白板": false,
      "daily-notes:打开/创建今天的日记": false,
      "templates:插入模板": false,
      "command-palette:打开命令面板": false,
      "markdown-importer:打开 Markdown 格式转换器": false,
      "random-note:开始漫游笔记": false,
      "workspaces:管理工作区布局": false,
      "table-editor-obsidian:Advanced Tables Toolbar": false,
      "obsidian-focus-mode:Toggle Focus Mode (Shift + Click to show active pane only)": false,
      "obsidian-excalidraw-plugin:新建绘图文件": false,
      "remotely-save:Remotely Save": false
    }
  },
  "active": "38e4bda2194c4dd4",
  "lastOpenFiles": [
    "NLP/RLHF/RLHF.md",
    "coding/hydra/basic.md",
    "coding/verl/reward_mananger.md",
    "coding/verl/verl总体概览.md",
    "coding/verl",
    "Machine Learning/机器学习的一些概念.md",
    "coding/pytorch/api/gather和scatter.md",
    "others/regex.md",
    "NLP/Transformer.md",
    "others/vim.md",
    "coding/hydra",
    "reading/Data Engineering for Scaling Language Models to 128K Context.md",
    "NLP/RLHF",
    "NLP/MCTS和PRM.md",
    "NLP/GPT.md",
    "others/shortcode(置顶).md",
    "NLP/tokenization.md",
    "Task Planning/idea.md",
    "NLP/继续预训练.md",
    "Task Planning/未命名.md",
    "coding/transformers/trainer.md",
    "coding/transformers/generate.md",
    "Machine Learning/分类算法/bayes.md",
    "Machine Learning/分类算法/分类算法概述.md",
    "Machine Learning/分类算法/Logistic回归.md",
    "coding/python/LEGB.md",
    "coding/python/debugger.md",
    "coding/python/skill.md",
    "NLP/LLM/generate相关.md",
    "coding/einops",
    "coding/pytorch/api",
    "coding/pytorch",
    "coding/pandas",
    "未命名",
    "pytorch/实践",
    "文献和源码阅读",
    "NLP/ELMo/image/tokenization/1656925816959.png",
    "NLP/ELMo/image/tokenization/1656925853404.png",
    "Machine Learning/聚类算法/kmeans/image/Pasted image 20220813231601.png",
    "Machine Learning/聚类算法/kmeans/output_4_0.png",
    "Machine Learning/集成学习/boosting.jpg",
    "Machine Learning/集成学习/bagging.jpg",
    "Deep Learning/优化算法/Pasted image 20220827142641.png",
    "Deep Learning/优化算法/Pasted image 20220827142647.png",
    "Deep Learning/优化算法/Pasted image 20220827142620.png",
    "Deep Learning/优化算法/Pasted image 20220731172027.png",
    "未命名.canvas",
    "未命名 1.canvas"
  ]
}