{
  "main": {
    "id": "faa0f054fabe8c20",
    "type": "split",
    "children": [
      {
        "id": "2e8d9d8a6b1a11b8",
        "type": "tabs",
        "children": [
          {
            "id": "2317b3ec092bd395",
            "type": "leaf",
            "state": {
              "type": "markdown",
              "state": {
                "file": "Task Planning/5种方法.md",
                "mode": "source",
                "source": false,
                "backlinks": false
              },
              "icon": "lucide-file",
              "title": "5种方法"
            }
          },
          {
            "id": "0c7fb4d9452e8db9",
            "type": "leaf",
            "state": {
              "type": "markdown",
              "state": {
                "file": "Machine Learning/分类算法/感知机算法.md",
                "mode": "source",
                "source": false,
                "backlinks": false
              },
              "icon": "lucide-file",
              "title": "感知机算法"
            }
          }
        ],
        "currentTab": 1
      }
    ],
    "direction": "vertical"
  },
  "left": {
    "id": "3c4d78f85a524bd3",
    "type": "mobile-drawer",
    "children": [
      {
        "id": "df046dcfeb1de872",
        "type": "leaf",
        "state": {
          "type": "file-explorer",
          "state": {
            "sortOrder": "alphabetical",
            "autoReveal": false
          },
          "icon": "lucide-folder-closed",
          "title": "文件列表"
        }
      },
      {
        "id": "574bc401e9c54197",
        "type": "leaf",
        "state": {
          "type": "search",
          "state": {
            "query": "",
            "matchingCase": false,
            "explainSearch": false,
            "collapseAll": false,
            "extraContext": false,
            "sortOrder": "alphabetical"
          },
          "icon": "lucide-search",
          "title": "Search"
        }
      },
      {
        "id": "a4dccc7dece2b61e",
        "type": "leaf",
        "state": {
          "type": "tag",
          "state": {
            "sortOrder": "frequency",
            "useHierarchy": true
          },
          "icon": "lucide-tags",
          "title": "Tags"
        }
      },
      {
        "id": "86d4135372cf4369",
        "type": "leaf",
        "state": {
          "type": "bookmarks",
          "state": {},
          "icon": "lucide-bookmark",
          "title": "Bookmarks"
        }
      },
      {
        "id": "7d257c8d6143c510",
        "type": "leaf",
        "state": {
          "type": "recent-files",
          "state": {},
          "icon": "clock",
          "title": "Recent Files"
        }
      }
    ],
    "currentTab": 0
  },
  "right": {
    "id": "dd3829dd3825a1ff",
    "type": "mobile-drawer",
    "children": [
      {
        "id": "8bdaf2d8f046c8ee",
        "type": "leaf",
        "state": {
          "type": "backlink",
          "state": {
            "collapseAll": false,
            "extraContext": false,
            "sortOrder": "alphabetical",
            "showSearch": false,
            "searchQuery": "",
            "backlinkCollapsed": false,
            "unlinkedCollapsed": true
          },
          "icon": "links-coming-in",
          "title": "Backlinks"
        }
      },
      {
        "id": "2414134c64d5170b",
        "type": "leaf",
        "state": {
          "type": "outgoing-link",
          "state": {
            "linksCollapsed": false,
            "unlinkedCollapsed": true
          },
          "icon": "links-going-out",
          "title": "Outgoing links"
        }
      },
      {
        "id": "44f78bd58f3ffde9",
        "type": "leaf",
        "state": {
          "type": "outline",
          "state": {},
          "icon": "lucide-list",
          "title": "Outline"
        }
      },
      {
        "id": "51288aebb2919b20",
        "type": "leaf",
        "state": {
          "type": "calendar",
          "state": {},
          "icon": "calendar-with-checkmark",
          "title": "Calendar"
        }
      }
    ],
    "currentTab": 0
  },
  "left-ribbon": {
    "hiddenItems": {
      "remotely-save:Remotely Save": false,
      "switcher:打开快速切换": false,
      "graph:查看关系图谱": false,
      "canvas:新建白板": false,
      "daily-notes:打开/创建今天的日记": false,
      "templates:插入模板": false,
      "command-palette:打开命令面板": false,
      "markdown-importer:打开 Markdown 格式转换器": false,
      "random-note:开始漫游笔记": false,
      "workspaces:管理工作区布局": false,
      "obsidian-excalidraw-plugin:新建绘图文件": false,
      "table-editor-obsidian:Advanced Tables Toolbar": false
    }
  },
  "active": "0c7fb4d9452e8db9",
  "lastOpenFiles": [
    "coding/einops",
    "coding/transformers",
    "Task Planning/未命名.md",
    "template/算法模板.md",
    "Task Planning/5种方法.md",
    "coding/pytorch/api/gather和scatter.md",
    "NLP/语言模型.md",
    "others/一些学习资料.md",
    "coding/python/WTF.md",
    "coding/pandas/EDA.md",
    "coding/sklearn/KNN.md",
    "coding/python/skill.md",
    "coding/sklearn/学习曲线.md",
    "coding/sklearn/交叉验证.md",
    "coding/sklearn/验证曲线.md",
    "coding/pandas/aidc测试.md",
    "coding/pandas/实训学习内容.md",
    "coding/python/pyplot.md",
    "coding/sklearn/数据预处理.md",
    "coding/python/thread.md",
    "coding/python/asyncio.md",
    "coding/pandas/api/melt.md",
    "coding/pandas/api/flip.md",
    "coding/sklearn/复杂的线性回归.md",
    "coding/sklearn/简单的线性回归.md",
    "coding/pandas/api/rot90.md",
    "coding/pandas/api/some_api.md",
    "coding/pandas/api",
    "coding/pytorch/api",
    "coding/sklearn/feature_selection",
    "coding/sklearn/feature_extraction",
    "coding/pandas",
    "coding/python",
    "coding/sklearn",
    "coding/pytorch",
    "coding"
  ]
}