{
  "workspaces": {
    "博客笔记": {
      "main": {
        "id": "30e00b01a484a802",
        "type": "split",
        "children": [
          {
            "id": "43e2054ce9d9faa5",
            "type": "tabs",
            "children": [
              {
                "id": "a83665cbd3cfd720",
                "type": "leaf",
                "state": {
                  "type": "markdown",
                  "state": {
                    "file": "信息检索/文本匹配/SimCSE.md",
                    "mode": "source",
                    "backlinks": false,
                    "source": false
                  }
                }
              },
              {
                "id": "cffd918bb8f8aa21",
                "type": "leaf",
                "state": {
                  "type": "markdown",
                  "state": {
                    "file": "NLP/库学习/transformers/trainer.md",
                    "mode": "source",
                    "backlinks": false,
                    "source": false
                  }
                }
              },
              {
                "id": "29d1a8951b0f5268",
                "type": "leaf",
                "state": {
                  "type": "markdown",
                  "state": {
                    "file": "NLP/库学习/transformers/pooler_output.md",
                    "mode": "source",
                    "backlinks": false,
                    "source": false
                  }
                }
              },
              {
                "id": "4fcc88c29ff300f1",
                "type": "leaf",
                "state": {
                  "type": "markdown",
                  "state": {
                    "file": "Deep Learning/数据增强/NLP数据增强总结.md",
                    "mode": "source",
                    "backlinks": false,
                    "source": false
                  }
                }
              },
              {
                "id": "d3d26af4bd88e6b2",
                "type": "leaf",
                "state": {
                  "type": "markdown",
                  "state": {
                    "file": "NLP/继续预训练.md",
                    "mode": "source",
                    "backlinks": false,
                    "source": false
                  }
                }
              },
              {
                "id": "c32ba90643dc50e5",
                "type": "leaf",
                "state": {
                  "type": "markdown",
                  "state": {
                    "file": "Deep Learning/训练trick/warmup.md",
                    "mode": "source",
                    "backlinks": false,
                    "source": false
                  }
                }
              },
              {
                "id": "360913efc1d8c4ce",
                "type": "leaf",
                "state": {
                  "type": "markdown",
                  "state": {
                    "file": "others/obsidian中的callout.md",
                    "mode": "source",
                    "backlinks": false,
                    "source": false
                  }
                }
              },
              {
                "id": "0cd8ba9836797d55",
                "type": "leaf",
                "state": {
                  "type": "markdown",
                  "state": {
                    "file": "Deep Learning/训练trick/温度超参数.md",
                    "mode": "source",
                    "backlinks": false,
                    "source": false
                  }
                }
              },
              {
                "id": "ea64fb37b2aef5ba",
                "type": "leaf",
                "state": {
                  "type": "markdown",
                  "state": {
                    "file": "NLP/Transformer.md",
                    "mode": "source",
                    "backlinks": false,
                    "source": false
                  }
                }
              }
            ],
            "currentTab": 8
          }
        ],
        "direction": "vertical"
      },
      "left": {
        "id": "ac529c844b964999",
        "type": "split",
        "children": [
          {
            "id": "bf4e312f1c9404d1",
            "type": "tabs",
            "dimension": 54.285714285714285,
            "children": [
              {
                "id": "dea163fc51a8d48b",
                "type": "leaf",
                "state": {
                  "type": "file-explorer",
                  "state": {
                    "sortOrder": "alphabetical"
                  }
                }
              },
              {
                "id": "27c1191c29fd3d2d",
                "type": "leaf",
                "state": {
                  "type": "search",
                  "state": {
                    "query": "",
                    "matchingCase": false,
                    "explainSearch": false,
                    "collapseAll": false,
                    "extraContext": false,
                    "sortOrder": "alphabetical"
                  }
                }
              },
              {
                "id": "e03d6d3976c448f6",
                "type": "leaf",
                "state": {
                  "type": "bookmarks",
                  "state": {}
                }
              },
              {
                "id": "ba73a946c451cafe",
                "type": "leaf",
                "state": {
                  "type": "tag",
                  "state": {
                    "sortOrder": "frequencyReverse",
                    "useHierarchy": true
                  }
                }
              }
            ]
          },
          {
            "id": "756a097ad41779ba",
            "type": "tabs",
            "dimension": 22.857142857142858,
            "children": [
              {
                "id": "8fbc5570d3932758",
                "type": "leaf",
                "state": {
                  "type": "outgoing-link",
                  "state": {
                    "file": "NLP/Transformer.md",
                    "linksCollapsed": true,
                    "unlinkedCollapsed": true
                  }
                }
              }
            ]
          },
          {
            "id": "ede19d8400da914a",
            "type": "tabs",
            "dimension": 22.857142857142858,
            "children": [
              {
                "id": "95f25361547176ed",
                "type": "leaf",
                "state": {
                  "type": "recent-files",
                  "state": {}
                }
              }
            ]
          }
        ],
        "direction": "horizontal",
        "width": 200
      },
      "right": {
        "id": "7246383cf6b0e807",
        "type": "split",
        "children": [
          {
            "id": "2646398863425175",
            "type": "tabs",
            "children": [
              {
                "id": "1d6eda0c28b8ca4a",
                "type": "leaf",
                "state": {
                  "type": "advanced-tables-toolbar",
                  "state": {}
                }
              },
              {
                "id": "fbec4ef1442ef44b",
                "type": "leaf",
                "state": {
                  "type": "outline",
                  "state": {
                    "file": "NLP/Transformer.md"
                  }
                }
              },
              {
                "id": "c1c001b7036321af",
                "type": "leaf",
                "state": {
                  "type": "calendar",
                  "state": {}
                }
              }
            ],
            "currentTab": 1
          }
        ],
        "direction": "horizontal",
        "width": 239
      },
      "left-ribbon": {
        "hiddenItems": {
          "obsidian-excalidraw-plugin:新建绘图文件": false,
          "canvas:新建白板": false,
          "switcher:打开快速切换": false,
          "graph:查看关系图谱": false,
          "templates:插入模板": false,
          "command-palette:打开命令面板": false,
          "markdown-importer:打开 Markdown 格式转换器": false,
          "random-note:开始漫游笔记": false,
          "table-editor-obsidian:Advanced Tables Toolbar": false,
          "obsidian-focus-mode:Toggle Focus Mode (Shift + Click to show active pane only)": false,
          "workspaces:管理工作区布局": false,
          "daily-notes:打开/创建今天的日记": false
        }
      },
      "active": "dea163fc51a8d48b"
    },
    "日常记录": {
      "main": {
        "id": "30e00b01a484a802",
        "type": "split",
        "children": [
          {
            "id": "43e2054ce9d9faa5",
            "type": "tabs",
            "children": [
              {
                "id": "ea64fb37b2aef5ba",
                "type": "leaf",
                "state": {
                  "type": "markdown",
                  "state": {
                    "file": "NLP/Transformer.md",
                    "mode": "source",
                    "backlinks": false,
                    "source": false
                  }
                }
              }
            ]
          },
          {
            "id": "838c1d936ed5aa81",
            "type": "split",
            "children": [
              {
                "id": "b9cdb3c53f740053",
                "type": "tabs",
                "children": [
                  {
                    "id": "bfa51fac6d7793f3",
                    "type": "leaf",
                    "state": {
                      "type": "localgraph",
                      "state": {
                        "file": "NLP/Transformer.md",
                        "options": {
                          "collapse-filter": true,
                          "search": "",
                          "localJumps": 1,
                          "localBacklinks": true,
                          "localForelinks": true,
                          "localInterlinks": false,
                          "showTags": false,
                          "showAttachments": false,
                          "hideUnresolved": false,
                          "collapse-color-groups": true,
                          "colorGroups": [],
                          "collapse-display": true,
                          "showArrow": false,
                          "textFadeMultiplier": 0,
                          "nodeSizeMultiplier": 1,
                          "lineSizeMultiplier": 1,
                          "collapse-forces": true,
                          "centerStrength": 0.518713248970312,
                          "repelStrength": 10,
                          "linkStrength": 1,
                          "linkDistance": 250,
                          "scale": 0.6554983534946917,
                          "close": true
                        }
                      }
                    }
                  }
                ]
              },
              {
                "id": "077d7966fdb71e24",
                "type": "tabs",
                "children": [
                  {
                    "id": "300293dd2c7b6d21",
                    "type": "leaf",
                    "state": {
                      "type": "markdown",
                      "state": {
                        "file": "NLP/Transformer.md",
                        "mode": "source",
                        "backlinks": false,
                        "source": true
                      }
                    }
                  }
                ]
              }
            ],
            "direction": "horizontal"
          }
        ],
        "direction": "vertical"
      },
      "left": {
        "id": "ac529c844b964999",
        "type": "split",
        "children": [
          {
            "id": "bf4e312f1c9404d1",
            "type": "tabs",
            "dimension": 63.657407407407405,
            "children": [
              {
                "id": "dea163fc51a8d48b",
                "type": "leaf",
                "state": {
                  "type": "file-explorer",
                  "state": {
                    "sortOrder": "alphabetical"
                  }
                }
              },
              {
                "id": "27c1191c29fd3d2d",
                "type": "leaf",
                "state": {
                  "type": "search",
                  "state": {
                    "query": "",
                    "matchingCase": false,
                    "explainSearch": false,
                    "collapseAll": false,
                    "extraContext": false,
                    "sortOrder": "alphabetical"
                  }
                }
              },
              {
                "id": "e03d6d3976c448f6",
                "type": "leaf",
                "state": {
                  "type": "bookmarks",
                  "state": {}
                }
              },
              {
                "id": "ba73a946c451cafe",
                "type": "leaf",
                "state": {
                  "type": "tag",
                  "state": {
                    "sortOrder": "frequencyReverse",
                    "useHierarchy": true
                  }
                }
              }
            ]
          },
          {
            "id": "ede19d8400da914a",
            "type": "tabs",
            "dimension": 36.342592592592595,
            "children": [
              {
                "id": "95f25361547176ed",
                "type": "leaf",
                "state": {
                  "type": "recent-files",
                  "state": {}
                }
              }
            ]
          }
        ],
        "direction": "horizontal",
        "width": 200
      },
      "right": {
        "id": "7246383cf6b0e807",
        "type": "split",
        "children": [
          {
            "id": "2646398863425175",
            "type": "tabs",
            "children": [
              {
                "id": "1d6eda0c28b8ca4a",
                "type": "leaf",
                "state": {
                  "type": "advanced-tables-toolbar",
                  "state": {}
                }
              },
              {
                "id": "fbec4ef1442ef44b",
                "type": "leaf",
                "state": {
                  "type": "outline",
                  "state": {
                    "file": "NLP/Transformer.md"
                  }
                }
              },
              {
                "id": "c1c001b7036321af",
                "type": "leaf",
                "state": {
                  "type": "calendar",
                  "state": {}
                }
              }
            ],
            "currentTab": 2
          }
        ],
        "direction": "horizontal",
        "width": 239
      },
      "left-ribbon": {
        "hiddenItems": {
          "obsidian-excalidraw-plugin:新建绘图文件": false,
          "canvas:新建白板": false,
          "switcher:打开快速切换": false,
          "graph:查看关系图谱": false,
          "templates:插入模板": false,
          "command-palette:打开命令面板": false,
          "markdown-importer:打开 Markdown 格式转换器": false,
          "random-note:开始漫游笔记": false,
          "table-editor-obsidian:Advanced Tables Toolbar": false,
          "obsidian-focus-mode:Toggle Focus Mode (Shift + Click to show active pane only)": false,
          "workspaces:管理工作区布局": false,
          "daily-notes:打开/创建今天的日记": false
        }
      },
      "active": "c1c001b7036321af"
    }
  },
  "active": "博客笔记"
}